<?xml version="1.0" encoding="UTF-8"?>
<project-private xmlns="http://www.netbeans.org/ns/project-private/1">
    <editor-bookmarks xmlns="http://www.netbeans.org/ns/editor-bookmarks/2" lastBookmarkId="0"/>
    <open-files xmlns="http://www.netbeans.org/ns/projectui-open-files/2">
        <group>
            <file>file:/C:/Users/Luis/Desktop/ProyectoADOO3/Graficadora-de-lineas/servidorGraficadora/src/java/Api/InsertarUsuario.java</file>
            <file>file:/C:/Users/Luis/Desktop/ProyectoADOO3/Graficadora-de-lineas/servidorGraficadora/src/java/Api/IniciarSesion.java</file>
            <file>file:/C:/Users/Luis/Desktop/ProyectoADOO3/Graficadora-de-lineas/servidorGraficadora/src/java/Api/EjerciciosUsuario.java</file>
            <file>file:/C:/Users/Luis/Desktop/ProyectoADOO3/Graficadora-de-lineas/servidorGraficadora/src/java/Api/EliminarUsuario.java</file>
            <file>file:/C:/Users/Luis/Desktop/ProyectoADOO3/Graficadora-de-lineas/servidorGraficadora/src/java/Api/EditarUsuario.java</file>
            <file>file:/C:/Users/Luis/Desktop/ProyectoADOO3/Graficadora-de-lineas/servidorGraficadora/src/java/Api/DatosUsuario.java</file>
            <file>file:/C:/Users/Luis/Desktop/ProyectoADOO3/Graficadora-de-lineas/servidorGraficadora/src/java/Api/UsuarioSol.java</file>
        </group>
    </open-files>
</project-private>
